"YEAR","STRATUM","STRATUM_AREA","SEX","MATURITY","SHELL_CONDITION","SIZE","numStations","numHauls","numNonZeroHauls","numIndivs","totABUNDANCE","stdABUNDANCE","cvABUNDANCE","totBIOMASS","stdBIOMASS","cvBIOMASS","SEXp"
1975,"Pribilof District",18446,"1. immature females","ALL","ALL","ALL",45,45,0,0,0,0,0,0,0,0,"females"
1975,"Pribilof District",18446,"2. immature males","ALL","ALL","ALL",45,45,11,305,8.47578089544292,4.80823721601442,0.567291353484564,8.34095316363887,4.37557755973634,0.524589633090257,"males"
1975,"Pribilof District",18446,"3. mature females","ALL","ALL","ALL",45,45,9,265,13.1475866755509,7.99189124678727,0.607859939927144,12.4422740058267,7.91915257460834,0.636471481893084,"females"
1975,"Pribilof District",18446,"4. mature males","ALL","ALL","ALL",45,45,13,553,15.2881692131101,7.67761559783643,0.502193264007872,38.0535908343956,19.0480460153366,0.500558438709011,"males"
1975,"Pribilof District",18446,"5. sublegal males","ALL","ALL","ALL",45,45,11,530,14.7124643787379,7.04181765981363,0.478629377005683,19.3780719146916,9.02586120670319,0.465777051836627,"males"
1975,"Pribilof District",18446,"6. legal males","ALL","ALL","ALL",45,45,13,328,9.05148572981511,4.53904824243962,0.501469966139176,27.0164720833429,13.4899450712963,0.4993229696935,"males"
1975,"Pribilof District",18446,"7. all females","ALL","ALL","ALL",45,45,9,265,13.1475866755509,7.99189124678727,0.607859939927144,12.4422740058267,7.91915257460834,0.636471481893084,"females"
1975,"Pribilof District",18446,"8. all males","ALL","ALL","ALL",45,45,13,858,23.763950108553,11.062593681397,0.465519984298208,46.3945439980345,22.0329817301953,0.474904586434317,"males"
1976,"Pribilof District",23659,"1. immature females","ALL","ALL","ALL",59,59,3,81,7.3693880612627,7.12134302552927,0.96634116243148,4.96770212874486,4.8277650467574,0.9718306214099,"females"
1976,"Pribilof District",23659,"2. immature males","ALL","ALL","ALL",59,59,3,105,4.959559357981,4.73182338257685,0.954081409462784,4.12867250191238,3.89833446456323,0.944210145696356,"males"
1976,"Pribilof District",23659,"3. mature females","ALL","ALL","ALL",59,59,4,11,0.769149649200413,0.39432368645727,0.512674857054408,0.823800343929412,0.438011416753625,0.531696083864655,"females"
1976,"Pribilof District",23659,"4. mature males","ALL","ALL","ALL",59,59,11,91,4.78210477058634,2.12907093148574,0.44521628730955,14.0589325353269,6.33448504878335,0.450566572737028,"males"
1976,"Pribilof District",23659,"5. sublegal males","ALL","ALL","ALL",59,59,9,122,5.72937496723811,5.05536525684506,0.882358945915183,5.53866634958713,4.49002730426483,0.810669395999911,"males"
1976,"Pribilof District",23659,"6. legal males","ALL","ALL","ALL",59,59,10,74,4.01228916132923,1.8916324233283,0.471459644922904,12.6489386876522,5.91374785323004,0.467529173732418,"males"
1976,"Pribilof District",23659,"7. all females","ALL","ALL","ALL",59,59,5,92,8.13853771046311,7.40250802018726,0.909562415699126,5.79150247267427,5.15812850710166,0.890637365940699,"females"
1976,"Pribilof District",23659,"8. all males","ALL","ALL","ALL",59,59,12,196,9.74166412856734,5.73670270738274,0.588883237162726,18.1876050372393,8.2205174642902,0.451984604210318,"males"
1977,"Pribilof District",23258,"1. immature females","ALL","ALL","ALL",58,58,2,9,0.851600683999744,0.702446563107963,0.824854390450647,0.418579771852349,0.346934230532999,0.828836589493334,"females"
1977,"Pribilof District",23258,"2. immature males","ALL","ALL","ALL",58,58,7,56,4.21586519421375,1.92581743620367,0.456802423105663,3.71334034652261,1.64671883515547,0.443460249125171,"males"
1977,"Pribilof District",23258,"3. mature females","ALL","ALL","ALL",58,58,5,136,13.880050653045,11.9333939917011,0.859751472814916,13.1538718300181,11.5138766200364,0.875322244950029,"females"
1977,"Pribilof District",23258,"4. mature males","ALL","ALL","ALL",58,58,10,129,13.0439827963261,9.69639886961399,0.74336182598654,42.6183165026081,32.7154274263965,0.767637722724088,"males"
1977,"Pribilof District",23258,"5. sublegal males","ALL","ALL","ALL",58,58,9,73,5.4909206165251,2.4186504392422,0.440481771301373,5.96571825631854,2.76009544095529,0.46265936847285,"males"
1977,"Pribilof District",23258,"6. legal males","ALL","ALL","ALL",58,58,9,112,11.7689273740148,9.07777907746197,0.771334446119983,40.3659385928121,31.6597418428949,0.784318238261713,"males"
1977,"Pribilof District",23258,"7. all females","ALL","ALL","ALL",58,58,5,145,14.7316513370447,12.6303411830809,0.857360854809278,13.5724516018705,11.8568601779583,0.873597528712078,"females"
1977,"Pribilof District",23258,"8. all males","ALL","ALL","ALL",58,58,10,185,17.2598479905399,10.7922569268951,0.625281110981417,46.3316568491307,33.7799275327575,0.729089564889827,"males"
1978,"Pribilof District",23258,"1. immature females","ALL","ALL","ALL",58,58,1,1,0.06092305159773,0.06092305159773,1,0.0763955981900582,0.0763955981900583,1,"females"
1978,"Pribilof District",23258,"2. immature males","ALL","ALL","ALL",58,58,8,60,2.4214583635029,1.21482531304667,0.501691596831463,2.76530570335979,1.40884954928575,0.509473345957383,"males"
1978,"Pribilof District",23258,"3. mature females","ALL","ALL","ALL",58,58,8,107,5.92651431970189,3.92587725138042,0.662426012931307,6.41574042645901,4.65034167647039,0.72483320199365,"females"
1978,"Pribilof District",23258,"4. mature males","ALL","ALL","ALL",58,58,11,130,6.14063757070207,3.04316893506146,0.495578659385614,17.3697123746441,9.69305440787149,0.558043460870496,"males"
1978,"Pribilof District",23258,"5. sublegal males","ALL","ALL","ALL",58,58,10,112,4.63922208739795,1.94484849026115,0.419218665030968,6.61819634855437,2.72586200919167,0.41187384985746,"males"
1978,"Pribilof District",23258,"6. legal males","ALL","ALL","ALL",58,58,10,78,3.92287384680702,2.41459510579303,0.61551688891509,13.5168217294495,8.68381745829602,0.642445216198739,"males"
1978,"Pribilof District",23258,"7. all females","ALL","ALL","ALL",58,58,8,108,5.98743737129962,3.92762210481177,0.655977150364621,6.49213602464907,4.65282564197181,0.716686407109488,"females"
1978,"Pribilof District",23258,"8. all males","ALL","ALL","ALL",58,58,12,190,8.56209593420497,3.66661371436511,0.428237868687881,20.1350180780039,10.1793794389434,0.505556011894704,"males"
1979,"Pribilof District",23258,"1. immature females","ALL","ALL","ALL",33,33,2,3,0.250307345251357,0.178723453286675,0.71401601541977,0.161121424561164,0.116849123620186,0.725223997605783,"females"
1979,"Pribilof District",23258,"2. immature males","ALL","ALL","ALL",33,33,2,2,0.139471987972981,0.0975500491451283,0.699423952887414,0.10769163420232,0.0841895723989357,0.781765204164042,"males"
1979,"Pribilof District",23258,"3. mature females","ALL","ALL","ALL",33,33,4,22,2.05449100101883,1.66218870638112,0.80905134437524,1.92856520681788,1.52373838413945,0.790089118455894,"females"
1979,"Pribilof District",23258,"4. mature males","ALL","ALL","ALL",33,33,9,77,6.24021760861652,2.24881817933767,0.360374961320659,16.5023593145258,5.77799264310927,0.350131307468461,"males"
1979,"Pribilof District",23258,"5. sublegal males","ALL","ALL","ALL",33,33,6,23,1.91314053174868,0.902829798950261,0.471909817375017,3.24119717141797,1.53760190195195,0.474393201225484,"males"
1979,"Pribilof District",23258,"6. legal males","ALL","ALL","ALL",33,33,9,56,4.46654906484082,1.55042824302531,0.34711993991732,13.3688537773102,4.66629767040261,0.349042464532174,"males"
1979,"Pribilof District",23258,"7. all females","ALL","ALL","ALL",33,33,5,25,2.30479834627019,1.75925422454722,0.763300714526365,2.08968663137905,1.57943864704331,0.755825597640441,"females"
1979,"Pribilof District",23258,"8. all males","ALL","ALL","ALL",33,33,9,79,6.3796895965895,2.27650395621166,0.356836162911225,16.6100509487282,5.79493735436417,0.348881371420952,"males"
1980,"Pribilof District",28070,"1. immature females","ALL","ALL","ALL",70,70,3,6,0.781223694855975,0.604914579773442,0.774316733806907,0.699455597998234,0.604969481492989,0.86491477546873,"females"
1980,"Pribilof District",28070,"2. immature males","ALL","ALL","ALL",70,70,10,41,2.73272774542923,1.27260459644859,0.465690224200764,2.08376049447683,1.02532184568773,0.492053596565164,"males"
1980,"Pribilof District",28070,"3. mature females","ALL","ALL","ALL",70,70,11,337,182.902918911678,178.779884089422,0.977457796481385,211.603705348301,208.165515021155,0.983751748007027,"females"
1980,"Pribilof District",28070,"4. mature males","ALL","ALL","ALL",70,70,21,133,7.84234199925595,3.19798396288099,0.407784302595373,23.5529162932768,10.1256356089178,0.429910057966287,"males"
1980,"Pribilof District",28070,"5. sublegal males","ALL","ALL","ALL",70,70,12,64,4.33101207599997,1.98347856414732,0.457971146083531,4.95806159291983,2.29918198784268,0.463725983381477,"males"
1980,"Pribilof District",28070,"6. legal males","ALL","ALL","ALL",70,70,21,110,6.24405766868522,2.62116972550055,0.419786277542898,20.6786151948338,9.21854211578234,0.445800747725381,"males"
1980,"Pribilof District",28070,"7. all females","ALL","ALL","ALL",70,70,11,343,183.684142606534,179.364480426547,0.976483205797245,212.303160946299,208.764655948646,0.983332772899464,"females"
1980,"Pribilof District",28070,"8. all males","ALL","ALL","ALL",70,70,21,174,10.5750697446852,4.22536715090144,0.399559270332475,25.6366767877537,10.6860215045318,0.416825534487231,"males"
1981,"Pribilof District",28070,"1. immature females","ALL","ALL","ALL",84,84,13,31,0.826523821183331,0.337212996167902,0.40798944631156,0.497156969391382,0.20510363178415,0.4125530655544,"females"
1981,"Pribilof District",28070,"2. immature males","ALL","ALL","ALL",84,84,19,99,2.09947540939317,0.679619739436021,0.323709311571531,1.70424696516525,0.508802896551284,0.298549979522451,"males"
1981,"Pribilof District",28070,"3. mature females","ALL","ALL","ALL",84,84,20,202,5.4334907695416,2.37574258114931,0.437240566316402,5.98681753517217,2.80961796496823,0.469300750935184,"females"
1981,"Pribilof District",28070,"4. mature males","ALL","ALL","ALL",84,84,36,184,3.83443063249696,0.68852521555703,0.179563873113716,11.628247808686,2.02205944054548,0.173892014842946,"males"
1981,"Pribilof District",28070,"5. sublegal males","ALL","ALL","ALL",84,84,23,128,2.68795497591209,0.853267831208055,0.317441266261731,2.77895807232938,0.824154834027699,0.296569725982542,"males"
1981,"Pribilof District",28070,"6. legal males","ALL","ALL","ALL",84,84,36,155,3.24595106597803,0.57395914533779,0.176823104745373,10.5535367015219,1.84322637904265,0.17465485089722,"males"
1981,"Pribilof District",28070,"7. all females","ALL","ALL","ALL",84,84,23,233,6.26001459072493,2.64549453051104,0.422601975150457,6.48397450456355,2.96745909242714,0.457660512134739,"females"
1981,"Pribilof District",28070,"8. all males","ALL","ALL","ALL",84,84,38,283,5.93390604189013,1.22825707787582,0.206989640416447,13.3324947738513,2.33646618277892,0.175245985272118,"males"
1982,"Pribilof District",28070,"1. immature females","ALL","ALL","ALL",84,84,5,35,0.876255791138212,0.450647636584078,0.514287769783193,0.55316544027937,0.316651794123149,0.572435967733681,"females"
1982,"Pribilof District",28070,"2. immature males","ALL","ALL","ALL",84,84,19,70,1.3712827913611,0.385736766668446,0.281296293586221,1.15196353655986,0.267826209984207,0.232495388512056,"males"
1982,"Pribilof District",28070,"3. mature females","ALL","ALL","ALL",84,84,23,264,7.83700399137698,5.08171418555787,0.648425621723462,8.82372405625409,5.98169930477702,0.677910966689547,"females"
1982,"Pribilof District",28070,"4. mature males","ALL","ALL","ALL",84,84,35,114,2.35381326016025,0.426363544700078,0.181137370545295,7.38895697360027,1.38354514383031,0.18724498583136,"males"
1982,"Pribilof District",28070,"5. sublegal males","ALL","ALL","ALL",84,84,21,84,1.65362815197414,0.420887393250646,0.254523601783255,1.64749186477799,0.357435325644475,0.21695726290742,"males"
1982,"Pribilof District",28070,"6. legal males","ALL","ALL","ALL",84,84,31,100,2.07146789954722,0.388810404017919,0.187698010721241,6.89342864538214,1.3240255014004,0.192070676221093,"males"
1982,"Pribilof District",28070,"7. all females","ALL","ALL","ALL",84,84,24,299,8.71325978251519,5.45880637844103,0.62649416116287,9.37688949653345,6.27631305489541,0.669338489828178,"females"
1982,"Pribilof District",28070,"8. all males","ALL","ALL","ALL",84,84,38,184,3.72509605152136,0.641346928934353,0.172169232702717,8.54092051016013,1.49425097456608,0.174951982375734,"males"
1983,"Pribilof District",28070,"1. immature females","ALL","ALL","ALL",86,86,6,15,0.463726391997782,0.25255002699515,0.544609992774268,0.258054801584407,0.156643821158978,0.607017657479011,"females"
1983,"Pribilof District",28070,"2. immature males","ALL","ALL","ALL",86,86,15,47,1.03073236067482,0.367898247112775,0.356928977054637,0.962343470623974,0.343897845627836,0.357354578822939,"males"
1983,"Pribilof District",28070,"3. mature females","ALL","ALL","ALL",86,86,17,288,9.30796874908858,7.26481345591734,0.78049396723949,9.9898741682956,7.90553474825196,0.791354787364729,"females"
1983,"Pribilof District",28070,"4. mature males","ALL","ALL","ALL",86,86,32,93,1.85130111120247,0.345034386500444,0.186373996327553,5.40873433015946,0.960134551345212,0.177515568844163,"males"
1983,"Pribilof District",28070,"5. sublegal males","ALL","ALL","ALL",86,86,18,74,1.5606387807923,0.482250666282127,0.309008511269532,1.89668174538194,0.563170966772418,0.29692433543141,"males"
1983,"Pribilof District",28070,"6. legal males","ALL","ALL","ALL",86,86,29,66,1.32139469108499,0.224726213985511,0.170067441243456,4.4743960554015,0.782242361456834,0.17482635684709,"males"
1983,"Pribilof District",28070,"7. all females","ALL","ALL","ALL",86,86,18,303,9.77169514108636,7.45193532707486,0.762604156134818,10.24792896988,8.0067600821163,0.781305189141065,"females"
1983,"Pribilof District",28070,"8. all males","ALL","ALL","ALL",86,86,35,140,2.8820334718773,0.632680356297023,0.21952567951437,6.37107780078343,1.19218292103263,0.187124213251018,"males"
1984,"Pribilof District",28070,"1. immature females","ALL","ALL","ALL",86,86,6,24,0.46547258327092,0.240052502596107,0.515717812871459,0.0153467586394315,0.010557832595166,0.687951954104429,"females"
1984,"Pribilof District",28070,"2. immature males","ALL","ALL","ALL",86,86,10,27,0.517573756059445,0.205443589004533,0.396935869717739,0.129722109799788,0.0469510464961445,0.361935575736536,"males"
1984,"Pribilof District",28070,"3. mature females","ALL","ALL","ALL",86,86,14,145,2.76919035132373,1.05177668298709,0.37981379015145,3.06955522319194,1.16917466195763,0.380893835407801,"females"
1984,"Pribilof District",28070,"4. mature males","ALL","ALL","ALL",86,86,20,37,0.77064294372371,0.173320233083573,0.224903419274946,2.21566209901479,0.506658889081727,0.228671551184189,"males"
1984,"Pribilof District",28070,"5. sublegal males","ALL","ALL","ALL",86,86,17,37,0.729990242555642,0.211574808935371,0.289832379395461,0.52136428360345,0.139540690004412,0.267645280647086,"males"
1984,"Pribilof District",28070,"6. legal males","ALL","ALL","ALL",86,86,16,27,0.558226457227513,0.13760951480371,0.246511989931758,1.82401992521113,0.451144978668106,0.247335553977508,"males"
1984,"Pribilof District",28070,"7. all females","ALL","ALL","ALL",86,86,15,169,3.23466293459465,1.18546470490661,0.366487862530619,3.08490198183137,1.17201914907147,0.379921033463662,"females"
1984,"Pribilof District",28070,"8. all males","ALL","ALL","ALL",86,86,25,64,1.28821669978316,0.273288325216113,0.212144684401402,2.34538420881457,0.519537208137736,0.221514754889701,"males"
1985,"Pribilof District",28070,"1. immature females","ALL","ALL","ALL",86,86,7,15,0.260081290728032,0.140766602643874,0.541240787639254,0.00486516089871318,0.00222230391132054,0.456779119454884,"females"
1985,"Pribilof District",28070,"2. immature males","ALL","ALL","ALL",86,86,3,4,0.0677653946334824,0.0405377985972429,0.598207961696329,0.0390222994714635,0.0286224783268261,0.733490304633568,"males"
1985,"Pribilof District",28070,"3. mature females","ALL","ALL","ALL",86,86,8,28,0.486184429958516,0.212370700813773,0.436810987204781,0.51980511021551,0.233125338322685,0.448486045522006,"females"
1985,"Pribilof District",28070,"4. mature males","ALL","ALL","ALL",86,86,14,24,0.428075902920476,0.120139767271444,0.280650619321973,1.05478706093526,0.281176845601533,0.266572141444566,"males"
1985,"Pribilof District",28070,"5. sublegal males","ALL","ALL","ALL",86,86,8,13,0.225599576893224,0.0766687324015312,0.33984430936153,0.338313179604815,0.126572677085555,0.374128720711989,"males"
1985,"Pribilof District",28070,"6. legal males","ALL","ALL","ALL",86,86,11,15,0.270241720660734,0.0794948587413481,0.294162050726236,0.75549618080191,0.21344391926089,0.282521506639959,"males"
1985,"Pribilof District",28070,"7. all females","ALL","ALL","ALL",86,86,12,43,0.746265720686548,0.268770132620972,0.360153394656409,0.524670271114223,0.233263689747216,0.444591017615393,"females"
1985,"Pribilof District",28070,"8. all males","ALL","ALL","ALL",86,86,14,28,0.495841297553959,0.133216383956334,0.268667383321046,1.09380936040673,0.287674263492482,0.263002195725873,"males"
1986,"Pribilof District",28070,"1. immature females","ALL","ALL","ALL",86,86,2,2,0.0366842266237109,0.0256135236963833,0.698216264966261,0.0110190824012521,0.00801068574972393,0.726983015283894,"females"
1986,"Pribilof District",28070,"2. immature males","ALL","ALL","ALL",86,86,1,1,0.0189042502247202,0.0189042502247202,1,0.00373173543416796,0.00373173543416796,1,"males"
1986,"Pribilof District",28070,"3. mature females","ALL","ALL","ALL",86,86,8,106,2.10193180022891,1.88752658705776,0.897996113314522,2.41978365546346,2.1794386894574,0.900675018833438,"females"
1986,"Pribilof District",28070,"4. mature males","ALL","ALL","ALL",86,86,13,26,0.480198149152699,0.146675177534603,0.305447194649561,1.50469375143958,0.455396072148313,0.302650337793072,"males"
1986,"Pribilof District",28070,"5. sublegal males","ALL","ALL","ALL",86,86,2,2,0.0387917649785474,0.0270940213309102,0.698447759360621,0.0351038848279156,0.0315005393423242,0.89735194542554,"males"
1986,"Pribilof District",28070,"6. legal males","ALL","ALL","ALL",86,86,13,25,0.460310634398872,0.144100707979002,0.3130510077552,1.47332160204583,0.452741664362047,0.307293169212598,"males"
1986,"Pribilof District",28070,"7. all females","ALL","ALL","ALL",86,86,10,108,2.13861602685262,1.88669338200668,0.882202956639818,2.43080273786472,2.17915217421492,0.896474296441325,"females"
1986,"Pribilof District",28070,"8. all males","ALL","ALL","ALL",86,86,13,27,0.499102399377419,0.148827749327403,0.298190811170315,1.50842548687375,0.455606562322441,0.302041145742437,"males"
1987,"Pribilof District",28070,"1. immature females","ALL","ALL","ALL",86,86,5,22,0.401529766839459,0.298380781526749,0.743109991260121,0.118724522117645,0.101541174853032,0.855267075763957,"females"
1987,"Pribilof District",28070,"2. immature males","ALL","ALL","ALL",86,86,5,34,0.621540934822331,0.51805792727768,0.833505724648319,0.191454137861848,0.149883880138425,0.782870936153805,"males"
1987,"Pribilof District",28070,"3. mature females","ALL","ALL","ALL",86,86,7,36,0.670478722488424,0.391744258681383,0.584275452064247,0.794605804552443,0.463578256231137,0.583406581697757,"females"
1987,"Pribilof District",28070,"4. mature males","ALL","ALL","ALL",86,86,15,50,0.903179947308998,0.373699143886212,0.413759345520944,2.92338358207048,1.20279477061066,0.41143925757385,"males"
1987,"Pribilof District",28070,"5. sublegal males","ALL","ALL","ALL",86,86,6,38,0.694570233693184,0.519849535495571,0.748447759892352,0.333500570615664,0.178651377701612,0.535685373406738,"males"
1987,"Pribilof District",28070,"6. legal males","ALL","ALL","ALL",86,86,14,46,0.830150648438145,0.345454654961774,0.416134897457126,2.78133714931666,1.15218349956711,0.414255244046981,"males"
1987,"Pribilof District",28070,"7. all females","ALL","ALL","ALL",86,86,11,58,1.07200848932788,0.512483244854821,0.478058942589282,0.913330326670089,0.480129540942057,0.525691008961196,"females"
1987,"Pribilof District",28070,"8. all males","ALL","ALL","ALL",86,86,16,84,1.52472088213133,0.662373980529803,0.434423105430225,3.11483771993233,1.23625598869332,0.396892583129558,"males"
1988,"Pribilof District",28070,"1. immature females","ALL","ALL","ALL",85,85,5,38,0.89762921117157,0.779878213152671,0.86882000211957,0.190137595647632,0.149825924834422,0.787986848808603,"females"
1988,"Pribilof District",28070,"2. immature males","ALL","ALL","ALL",85,85,5,52,1.2380533041497,1.04278883630571,0.842281049459257,0.170050113282258,0.120216004639578,0.706944572509856,"males"
1988,"Pribilof District",28070,"3. mature females","ALL","ALL","ALL",85,85,8,20,0.465463365166339,0.22295901318161,0.479004428419266,0.527641423465173,0.258940514602807,0.490750921150713,"females"
1988,"Pribilof District",28070,"4. mature males","ALL","ALL","ALL",85,85,5,12,0.237867818063128,0.121052171080923,0.50890520654121,0.84243341147412,0.445294470845852,0.52858120865204,"males"
1988,"Pribilof District",28070,"5. sublegal males","ALL","ALL","ALL",85,85,5,52,1.2380533041497,1.04278883630571,0.842281049459257,0.170050113282258,0.120216004639578,0.706944572509856,"males"
1988,"Pribilof District",28070,"6. legal males","ALL","ALL","ALL",85,85,5,12,0.237867818063128,0.121052171080923,0.50890520654121,0.84243341147412,0.445294470845852,0.52858120865204,"males"
1988,"Pribilof District",28070,"7. all females","ALL","ALL","ALL",85,85,9,58,1.36309257633791,0.87444695995626,0.641516926389221,0.717779019112805,0.339257110974352,0.472648408410827,"females"
1988,"Pribilof District",28070,"8. all males","ALL","ALL","ALL",85,85,9,64,1.47592112221282,1.04562255314269,0.708454223878174,1.01248352475638,0.462696725296598,0.456991856146925,"males"
1989,"Pribilof District",28070,"1. immature females","ALL","ALL","ALL",86,86,8,131,2.63609880654323,1.94647912437764,0.738393841515408,0.800778261087858,0.533178987245415,0.665826000971967,"females"
1989,"Pribilof District",28070,"2. immature males","ALL","ALL","ALL",86,86,8,160,3.51476403267762,2.06499124332146,0.5875191688895,1.2748762209775,0.790588163052577,0.620129350633274,"males"
1989,"Pribilof District",28070,"3. mature females","ALL","ALL","ALL",86,86,9,40,1.14175584576234,0.751916012876481,0.65856112378775,0.944754791728539,0.548472936604224,0.580545281597068,"females"
1989,"Pribilof District",28070,"4. mature males","ALL","ALL","ALL",86,86,4,11,0.239947520134061,0.149802909272011,0.624315305231388,0.827495677631955,0.527406644489091,0.637352748474012,"males"
1989,"Pribilof District",28070,"5. sublegal males","ALL","ALL","ALL",86,86,8,160,3.51476403267762,2.06499124332146,0.5875191688895,1.2748762209775,0.790588163052577,0.620129350633274,"males"
1989,"Pribilof District",28070,"6. legal males","ALL","ALL","ALL",86,86,4,11,0.239947520134061,0.149802909272011,0.624315305231388,0.827495677631955,0.527406644489091,0.637352748474012,"males"
1989,"Pribilof District",28070,"7. all females","ALL","ALL","ALL",86,86,13,171,3.77785465230558,2.17679246185334,0.576198044179618,1.7455330528164,0.86689651301538,0.496637122749782,"females"
1989,"Pribilof District",28070,"8. all males","ALL","ALL","ALL",86,86,10,171,3.75471155281168,2.19469214863528,0.5845168444409,2.10237189860945,1.15771083905437,0.550668908683616,"males"
1990,"Pribilof District",28070,"1. immature females","ALL","ALL","ALL",86,86,5,75,2.1773292051664,1.98107795197451,0.909866063098671,1.11844759688722,1.03781336082806,0.927905217657424,"females"
1990,"Pribilof District",28070,"2. immature males","ALL","ALL","ALL",86,86,8,90,2.44986446348721,1.46025673403145,0.596056131184041,2.00413935830301,1.32535139319248,0.661307003278809,"males"
1990,"Pribilof District",28070,"3. mature females","ALL","ALL","ALL",86,86,9,90,2.04583941302839,1.11833613309857,0.546639255249822,1.81044600100468,0.920142621040811,0.508240853651637,"females"
1990,"Pribilof District",28070,"4. mature males","ALL","ALL","ALL",86,86,10,59,1.47041870535369,0.920276716524337,0.625860316638843,3.07751097429359,1.84547986500973,0.59966637988459,"males"
1990,"Pribilof District",28070,"5. sublegal males","ALL","ALL","ALL",86,86,11,126,3.34857484316558,1.99590511846347,0.596046142596185,3.56731868776398,2.37137802742812,0.664750821271455,"males"
1990,"Pribilof District",28070,"6. legal males","ALL","ALL","ALL",86,86,7,23,0.571708325675318,0.307428938786956,0.537737382823335,1.51433164483262,0.780097013339438,0.51514277998573,"males"
1990,"Pribilof District",28070,"7. all females","ALL","ALL","ALL",86,86,10,165,4.22316861819479,2.34560613975722,0.55541380224592,2.9288935978919,1.43669525335377,0.490524904826807,"females"
1990,"Pribilof District",28070,"8. all males","ALL","ALL","ALL",86,86,14,149,3.9202831688409,2.26724128976794,0.578336102807157,5.0816503325966,3.10178285635177,0.610388880253167,"males"
1991,"Pribilof District",28070,"1. immature females","ALL","ALL","ALL",85,85,9,36,0.805450590783787,0.372976699916472,0.46306589651083,0.342697124306546,0.162869094601208,0.475256671414375,"females"
1991,"Pribilof District",28070,"2. immature males","ALL","ALL","ALL",85,85,16,92,1.92044314414635,0.716983791071951,0.373342888727202,1.37742998867532,0.531899138062461,0.386153301754372,"males"
1991,"Pribilof District",28070,"3. mature females","ALL","ALL","ALL",85,85,11,126,2.76744801892469,1.15230414248145,0.416377881211004,2.43323562295538,1.00675243570476,0.413750491817133,"females"
1991,"Pribilof District",28070,"4. mature males","ALL","ALL","ALL",85,85,19,103,2.01408569827871,0.730243949722839,0.362568459895685,4.68967115887346,1.8079172543253,0.385510453308542,"males"
1991,"Pribilof District",28070,"5. sublegal males","ALL","ALL","ALL",85,85,20,129,2.69697047397799,0.89602246442333,0.332232952888695,2.74132997273864,0.921014997339886,0.335973781521739,"males"
1991,"Pribilof District",28070,"6. legal males","ALL","ALL","ALL",85,85,14,66,1.23755836844708,0.549069433565844,0.443671545169083,3.32577117481013,1.49538768000656,0.449636370455322,"males"
1991,"Pribilof District",28070,"7. all females","ALL","ALL","ALL",85,85,15,162,3.57289860970848,1.26297392918633,0.353487201051412,2.77593274726193,1.04349150089341,0.375906621629315,"females"
1991,"Pribilof District",28070,"8. all males","ALL","ALL","ALL",85,85,22,195,3.93452884242507,1.35021311265235,0.343170215984523,6.06710114754877,2.2629258586429,0.372983044720981,"males"
1992,"Pribilof District",28070,"1. immature females","ALL","ALL","ALL",86,86,4,66,1.7973433351832,1.66607735091479,0.926966661461468,0.801572583264655,0.770561672964292,0.96131241144244,"females"
1992,"Pribilof District",28070,"2. immature males","ALL","ALL","ALL",86,86,12,89,2.43579577353924,1.43173949645474,0.587791272161707,1.80051024972369,0.922245353515617,0.512213331558177,"males"
1992,"Pribilof District",28070,"3. mature females","ALL","ALL","ALL",86,86,9,76,2.14951920239562,1.06116766484884,0.493676755093037,1.84765305834163,0.886103401124948,0.479583218897315,"females"
1992,"Pribilof District",28070,"4. mature males","ALL","ALL","ALL",86,86,14,73,1.93527799649539,0.81263844120299,0.419907859581209,4.39101143573357,1.85537162230076,0.422538553919936,"males"
1992,"Pribilof District",28070,"5. sublegal males","ALL","ALL","ALL",86,86,13,119,3.21660848920951,1.67121331055337,0.519557576298034,3.15671808851542,1.40788902533874,0.445997705801108,"males"
1992,"Pribilof District",28070,"6. legal males","ALL","ALL","ALL",86,86,12,43,1.15446528082512,0.523020532881621,0.453041370380415,3.03480359694183,1.35413679974838,0.446202449843194,"males"
1992,"Pribilof District",28070,"7. all females","ALL","ALL","ALL",86,86,11,142,3.94686253757882,2.05526024961515,0.520732665515111,2.64922564160629,1.22635286185794,0.462909932094108,"females"
1992,"Pribilof District",28070,"8. all males","ALL","ALL","ALL",86,86,17,162,4.37107377003463,2.07839335696914,0.475488053122626,6.19152168545726,2.67595007966444,0.432195866478148,"males"
1993,"Pribilof District",28070,"1. immature females","ALL","ALL","ALL",85,85,5,45,0.880672333023147,0.53362145202184,0.605925077934537,0.444386357536004,0.277270650707648,0.623940510336624,"females"
1993,"Pribilof District",28070,"2. immature males","ALL","ALL","ALL",85,85,12,75,1.48352391257428,0.77138976919351,0.519971240541016,1.08849779584927,0.592913462272366,0.544708004493258,"males"
1993,"Pribilof District",28070,"3. mature females","ALL","ALL","ALL",85,85,13,89,1.78265674111459,0.793888869989215,0.445340289961174,1.64712714033861,0.759739966905521,0.461251562371401,"females"
1993,"Pribilof District",28070,"4. mature males","ALL","ALL","ALL",85,85,19,96,1.87550034458482,0.581143399020146,0.309860459742434,4.55559792641797,1.39934397356703,0.307170210402505,"males"
1993,"Pribilof District",28070,"5. sublegal males","ALL","ALL","ALL",85,85,15,115,2.24472373553084,0.969240232586429,0.431785977599252,2.44154428938084,0.998888975613957,0.409121792284697,"males"
1993,"Pribilof District",28070,"6. legal males","ALL","ALL","ALL",85,85,17,56,1.11430052162826,0.334549879687978,0.300233081825288,3.2025514328864,0.962667553995312,0.300593940228363,"males"
1993,"Pribilof District",28070,"7. all females","ALL","ALL","ALL",85,85,15,134,2.66332907413774,1.00760387116455,0.378324962149398,2.09151349787461,0.834245405576778,0.398871633591911,"females"
1993,"Pribilof District",28070,"8. all males","ALL","ALL","ALL",85,85,21,171,3.3590242571591,1.1389669286412,0.339076720334398,5.64409572226724,1.72089355410277,0.304901553549748,"males"
1994,"Pribilof District",28070,"1. immature females","ALL","ALL","ALL",86,86,3,8,0.144763075049791,0.0830468198165376,0.573674051811718,0.087014236946725,0.0495604903242028,0.569567602535508,"females"
1994,"Pribilof District",28070,"2. immature males","ALL","ALL","ALL",86,86,8,32,0.638519949940755,0.238612436662701,0.373696133824542,0.618983491779219,0.240340236187168,0.388282142220512,"males"
1994,"Pribilof District",28070,"3. mature females","ALL","ALL","ALL",86,86,12,271,5.04721517816154,2.23629633842626,0.443075291915895,4.8059468799888,2.14622472901215,0.446576872904836,"females"
1994,"Pribilof District",28070,"4. mature males","ALL","ALL","ALL",86,86,18,68,1.294263208619,0.440915822398908,0.34066936266339,3.41035884125072,1.17577121384357,0.344764662187971,"males"
1994,"Pribilof District",28070,"5. sublegal males","ALL","ALL","ALL",86,86,12,51,0.99751452976089,0.342568706509068,0.343422272346433,1.22360940044866,0.428649193774542,0.350315381376909,"males"
1994,"Pribilof District",28070,"6. legal males","ALL","ALL","ALL",86,86,18,49,0.935268628798864,0.322215216205857,0.344516223771632,2.80573293258128,0.984169613533094,0.350770952610822,"males"
1994,"Pribilof District",28070,"7. all females","ALL","ALL","ALL",86,86,13,279,5.19197825321133,2.2696419386505,0.437143960926009,4.89296111693552,2.16975000756678,0.44344313304613,"females"
1994,"Pribilof District",28070,"8. all males","ALL","ALL","ALL",86,86,19,100,1.93278315855975,0.641542521138513,0.331926795976725,4.02934233302994,1.38193239085008,0.342967233020111,"males"
1995,"Pribilof District",28070,"1. immature females","ALL","ALL","ALL",86,86,3,38,0.658479281054905,0.605580140912365,0.919664685488973,0.331031003284762,0.299169336347408,0.903750202787063,"females"
1995,"Pribilof District",28070,"2. immature males","ALL","ALL","ALL",86,86,7,66,1.14680261048592,1.01907186199739,0.888620110103864,0.967729039714539,0.835141914102412,0.862991477809494,"males"
1995,"Pribilof District",28070,"3. mature females","ALL","ALL","ALL",86,86,11,220,4.03855559310547,2.10572749669107,0.521406093873245,3.94793779119038,2.0495781130761,0.519151572663993,"females"
1995,"Pribilof District",28070,"4. mature males","ALL","ALL","ALL",86,86,18,177,3.10171174134203,1.86036968554192,0.599788065649515,8.36023200050534,5.05002047815145,0.604052671964869,"males"
1995,"Pribilof District",28070,"5. sublegal males","ALL","ALL","ALL",86,86,15,118,2.06210543792457,1.53392122669391,0.743861685480903,2.54102732023264,1.70993362596239,0.672930043824103,"males"
1995,"Pribilof District",28070,"6. legal males","ALL","ALL","ALL",86,86,14,125,2.18640891390337,1.34469598026789,0.615024925903372,6.78693371998724,4.17667867571326,0.615399950556922,"males"
1995,"Pribilof District",28070,"7. all females","ALL","ALL","ALL",86,86,12,258,4.69703487416037,2.30525036713485,0.490788429061202,4.27896879447514,2.12347662341966,0.49625896458077,"females"
1995,"Pribilof District",28070,"8. all males","ALL","ALL","ALL",86,86,19,243,4.24851435182794,2.86726967491955,0.674887604813174,9.32796104021988,5.87105884852232,0.62940430638676,"males"
1996,"Pribilof District",28070,"1. immature females","ALL","ALL","ALL",86,86,7,13,0.275735138069384,0.115156408868733,0.417634145851067,0.176524636538161,0.0733225495371506,0.415367231311645,"females"
1996,"Pribilof District",28070,"2. immature males","ALL","ALL","ALL",86,86,7,32,0.719430084409872,0.449967120218148,0.625449407758981,0.744890698833257,0.450812003863431,0.60520557522003,"males"
1996,"Pribilof District",28070,"3. mature females","ALL","ALL","ALL",86,86,10,213,5.04582205797884,2.44254684412261,0.484073123478516,5.40824574943104,2.71318636872271,0.501675865784786,"females"
1996,"Pribilof District",28070,"4. mature males","ALL","ALL","ALL",86,86,19,87,1.71201524605214,0.481257815195294,0.281106033550262,4.64062199616436,1.24682965127571,0.268677270483625,"males"
1996,"Pribilof District",28070,"5. sublegal males","ALL","ALL","ALL",86,86,11,54,1.1621706662205,0.636019038822458,0.547268191590876,1.51244891599852,0.792317231343444,0.523863796629691,"males"
1996,"Pribilof District",28070,"6. legal males","ALL","ALL","ALL",86,86,19,65,1.26927466424151,0.333374440260351,0.262649566443183,3.8730637789991,1.02659460212008,0.265060081810834,"males"
1996,"Pribilof District",28070,"7. all females","ALL","ALL","ALL",86,86,12,226,5.32155719604823,2.46514794040353,0.463238080431446,5.58477038596921,2.74082901622192,0.490768433937372,"females"
1996,"Pribilof District",28070,"8. all males","ALL","ALL","ALL",86,86,20,119,2.43144533046202,0.81105581022607,0.333569420650702,5.38551269499761,1.50191495870199,0.278880590161278,"males"
1997,"Pribilof District",28070,"1. immature females","ALL","ALL","ALL",86,86,4,17,0.320343558493383,0.214152256796709,0.668508078651228,0.193636197836702,0.127697191562946,0.659469629075431,"females"
1997,"Pribilof District",28070,"2. immature males","ALL","ALL","ALL",86,86,7,25,0.467233696970142,0.245377865041018,0.525171593213875,0.381387975441851,0.207863986106226,0.545019768558272,"males"
1997,"Pribilof District",28070,"3. mature females","ALL","ALL","ALL",86,86,11,137,2.6143737407488,1.1050051286155,0.422665325692496,2.83478314223775,1.21717133545716,0.429370175560002,"females"
1997,"Pribilof District",28070,"4. mature males","ALL","ALL","ALL",86,86,17,65,1.20129580451233,0.353663821190134,0.294401944851297,3.23258133991007,0.892154743310288,0.275988335481485,"males"
1997,"Pribilof District",28070,"5. sublegal males","ALL","ALL","ALL",86,86,10,39,0.735677221240762,0.341278658605171,0.463897275532855,0.848578257650338,0.382591938686865,0.450862292590714,"males"
1997,"Pribilof District",28070,"6. legal males","ALL","ALL","ALL",86,86,16,51,0.932852280241711,0.265230651274522,0.284322241465495,2.76539105770158,0.750219672676349,0.271288818479034,"males"
1997,"Pribilof District",28070,"7. all females","ALL","ALL","ALL",86,86,13,154,2.93471729924219,1.1383905857034,0.387904683697254,3.02841934007445,1.23264354380798,0.407025383670176,"females"
1997,"Pribilof District",28070,"8. all males","ALL","ALL","ALL",86,86,19,90,1.66852950148247,0.571005297462999,0.342220678121463,3.61396931535192,1.06120266888121,0.29363909216752,"males"
1998,"Pribilof District",28070,"1. immature females","ALL","ALL","ALL",85,85,8,29,0.500241344577182,0.215620722083507,0.431033389024962,0.267350507006614,0.113588703848037,0.424868107114632,"females"
1998,"Pribilof District",28070,"2. immature males","ALL","ALL","ALL",85,85,12,56,0.949447229001682,0.434798064510752,0.457948637090584,0.692253002343333,0.286061142076955,0.413232071379415,"males"
1998,"Pribilof District",28070,"3. mature females","ALL","ALL","ALL",85,85,11,107,1.82950901802154,0.810058600651016,0.442773767536289,1.91446233580225,0.843623142465895,0.440657999214373,"females"
1998,"Pribilof District",28070,"4. mature males","ALL","ALL","ALL",85,85,20,56,0.967097512085641,0.238025347596107,0.246123420463343,2.79793409343366,0.697496664969427,0.249289883777588,"males"
1998,"Pribilof District",28070,"5. sublegal males","ALL","ALL","ALL",85,85,15,66,1.11935747823998,0.463181164468693,0.413791995383795,0.980268120109411,0.347119880402335,0.35410707874861,"males"
1998,"Pribilof District",28070,"6. legal males","ALL","ALL","ALL",85,85,17,46,0.797187262847346,0.202005083494627,0.253397279295604,2.50991897566758,0.639115240531238,0.254635805668288,"males"
1998,"Pribilof District",28070,"7. all females","ALL","ALL","ALL",85,85,15,136,2.32975036259873,0.851095026687774,0.365315975630289,2.18181284280886,0.855087698798263,0.391916154319371,"females"
1998,"Pribilof District",28070,"8. all males","ALL","ALL","ALL",85,85,21,112,1.91654474108732,0.592482103812193,0.309140763119392,3.49018709577699,0.879790374290637,0.252075418923861,"males"
1999,"Pribilof District",28070,"1. immature females","ALL","ALL","ALL",86,86,0,0,0,0,0,0,0,0,"females"
1999,"Pribilof District",28070,"2. immature males","ALL","ALL","ALL",86,86,7,9,0.159535741976879,0.0594887415224095,0.372886607008924,0.160652701262135,0.0645498485892224,0.401797467967233,"males"
1999,"Pribilof District",28070,"3. mature females","ALL","ALL","ALL",86,86,10,155,2.75597576162839,1.34915586204188,0.489538362719386,2.86827496285542,1.33919883970849,0.466900439131992,"females"
1999,"Pribilof District",28070,"4. mature males","ALL","ALL","ALL",86,86,13,34,0.617258288915712,0.206417007811515,0.334409454709974,1.72923897861015,0.581913638538681,0.336514296599065,"males"
1999,"Pribilof District",28070,"5. sublegal males","ALL","ALL","ALL",86,86,9,18,0.324053727454026,0.125759369893658,0.388081849518301,0.463726730972857,0.191998695159558,0.414034133328398,"males"
1999,"Pribilof District",28070,"6. legal males","ALL","ALL","ALL",86,86,11,25,0.452740303438565,0.156054372502161,0.34468849209343,1.42616494889943,0.495062165622549,0.347128265916636,"males"
1999,"Pribilof District",28070,"7. all females","ALL","ALL","ALL",86,86,10,155,2.75597576162839,1.34915586204188,0.489538362719386,2.86827496285542,1.33919883970849,0.466900439131992,"females"
1999,"Pribilof District",28070,"8. all males","ALL","ALL","ALL",86,86,15,43,0.776794030892591,0.253943781510116,0.32691263244945,1.88989167987229,0.628812997784435,0.332724359010315,"males"
2000,"Pribilof District",28070,"1. immature females","ALL","ALL","ALL",85,85,0,0,0,0,0,0,0,0,"females"
2000,"Pribilof District",28070,"2. immature males","ALL","ALL","ALL",85,85,4,9,0.163834616960697,0.0921666735814914,0.562559215453236,0.113319990825886,0.0768966283502787,0.67857954973213,"males"
2000,"Pribilof District",28070,"3. mature females","ALL","ALL","ALL",85,85,13,74,1.36306968761323,0.630874643536882,0.462833741568677,1.46181781627281,0.672927062369366,0.460335792106518,"females"
2000,"Pribilof District",28070,"4. mature males","ALL","ALL","ALL",85,85,16,40,0.725050714294901,0.214456159854704,0.295780909702653,2.09133710354959,0.618601414819278,0.295792301379503,"males"
2000,"Pribilof District",28070,"5. sublegal males","ALL","ALL","ALL",85,85,9,20,0.361295976339325,0.138954410468764,0.384599939021352,0.458909250823511,0.171181189480753,0.373017517458122,"males"
2000,"Pribilof District",28070,"6. legal males","ALL","ALL","ALL",85,85,13,29,0.527589354916273,0.156930024390321,0.297447291019027,1.74574784355196,0.532701349481412,0.30514220679062,"males"
2000,"Pribilof District",28070,"7. all females","ALL","ALL","ALL",85,85,13,74,1.36306968761323,0.630874643536882,0.462833741568677,1.46181781627281,0.672927062369366,0.460335792106518,"females"
2000,"Pribilof District",28070,"8. all males","ALL","ALL","ALL",85,85,16,49,0.888885331255598,0.277084133597237,0.311720897909116,2.20465709437548,0.669490443816717,0.303671008759014,"males"
2001,"Pribilof District",28070,"1. immature females","ALL","ALL","ALL",86,86,1,1,0.0185163700028093,0.0185163700028093,1,0.000343410837451881,0.000343410837451881,1,"females"
2001,"Pribilof District",28070,"2. immature males","ALL","ALL","ALL",86,86,3,5,0.0929176967791552,0.0599460018834416,0.645151612247987,0.0870654068242787,0.0665587002914537,0.76446780322048,"males"
2001,"Pribilof District",28070,"3. mature females","ALL","ALL","ALL",86,86,9,93,1.69746509163689,1.2781187784505,0.752957327221377,1.81634587186182,1.3117256859044,0.722178361635406,"females"
2001,"Pribilof District",28070,"4. mature males","ALL","ALL","ALL",86,86,6,28,0.522239067312233,0.370560280424188,0.709560627724238,1.59874047447052,1.17434594941417,0.734544454316825,"males"
2001,"Pribilof District",28070,"5. sublegal males","ALL","ALL","ALL",86,86,4,9,0.16929335041782,0.100691344160723,0.594774360080973,0.224886493389367,0.141171567119377,0.627745868556692,"males"
2001,"Pribilof District",28070,"6. legal males","ALL","ALL","ALL",86,86,5,24,0.445863413673567,0.331657539417296,0.743854573499754,1.46091938790543,1.10814214320618,0.758523812046166,"males"
2001,"Pribilof District",28070,"7. all females","ALL","ALL","ALL",86,86,10,94,1.7159814616397,1.27763802510754,0.744552347253625,1.81668928269927,1.31171384278337,0.722035328371842,"females"
2001,"Pribilof District",28070,"8. all males","ALL","ALL","ALL",86,86,7,33,0.615156764091388,0.424300767085916,0.689744130039155,1.6858058812948,1.23540000877022,0.732824592960465,"males"
2002,"Pribilof District",28070,"1. immature females","ALL","ALL","ALL",86,86,1,1,0.0187294612105412,0.0187294612105412,1,0.000240195237291291,0.000240195237291291,1,"females"
2002,"Pribilof District",28070,"2. immature males","ALL","ALL","ALL",86,86,0,0,0,0,0,0,0,0,"males"
2002,"Pribilof District",28070,"3. mature females","ALL","ALL","ALL",86,86,6,66,1.2218524295627,0.970218382637358,0.794055287826039,1.40073603620969,1.08642413398977,0.775609469525442,"females"
2002,"Pribilof District",28070,"4. mature males","ALL","ALL","ALL",86,86,6,12,0.225475589559461,0.106646717497507,0.472985646498919,0.679798460205853,0.344114541975068,0.506200825860748,"males"
2002,"Pribilof District",28070,"5. sublegal males","ALL","ALL","ALL",86,86,1,1,0.0183296050632643,0.0183296050632643,1,0.0327244860463483,0.0327244860463482,1,"males"
2002,"Pribilof District",28070,"6. legal males","ALL","ALL","ALL",86,86,6,11,0.207145984496197,0.102526779125374,0.494949392211155,0.647073974159505,0.339435785864495,0.524570295545257,"males"
2002,"Pribilof District",28070,"7. all females","ALL","ALL","ALL",86,86,7,67,1.24058189077325,0.969809399232892,0.781737510796983,1.40097623144698,1.08641641836956,0.775470985148311,"females"
2002,"Pribilof District",28070,"8. all males","ALL","ALL","ALL",86,86,6,12,0.225475589559461,0.106646717497507,0.472985646498919,0.679798460205853,0.344114541975068,0.506200825860748,"males"
2003,"Pribilof District",28070,"1. immature females","ALL","ALL","ALL",86,86,4,4,0.0673286314640328,0.0324882324137348,0.482532196292897,0.0209359397636703,0.0139601022342332,0.66680084065096,"females"
2003,"Pribilof District",28070,"2. immature males","ALL","ALL","ALL",86,86,2,2,0.0452710536108314,0.0324810247268764,0.71747887747647,0.0190550891167991,0.0187594682573982,0.984485989145006,"males"
2003,"Pribilof District",28070,"3. mature females","ALL","ALL","ALL",86,86,7,69,1.12025400743618,0.856421940646494,0.764489066730954,1.28642392538166,0.95897271981206,0.745456222393836,"females"
2003,"Pribilof District",28070,"4. mature males","ALL","ALL","ALL",86,86,7,14,0.228897088463369,0.0890161398787163,0.388891534078913,0.702013444059973,0.280810467875126,0.400007250931132,"males"
2003,"Pribilof District",28070,"5. sublegal males","ALL","ALL","ALL",86,86,3,3,0.0605957706668976,0.0357141616478602,0.58938373511553,0.0498733430450681,0.0360724722110713,0.723281617165194,"males"
2003,"Pribilof District",28070,"6. legal males","ALL","ALL","ALL",86,86,7,13,0.213572371407303,0.0858559069654489,0.401999127507525,0.671195190131704,0.27608957334375,0.411340214296791,"males"
2003,"Pribilof District",28070,"7. all females","ALL","ALL","ALL",86,86,9,73,1.18758263890021,0.856478159608057,0.721194577584277,1.30735986514533,0.959339086901537,0.733798789818973,"females"
2003,"Pribilof District",28070,"8. all males","ALL","ALL","ALL",86,86,9,16,0.274168142074201,0.0936181819635449,0.341462655928157,0.721068533176772,0.281417797852385,0.390278849934774,"males"
2004,"Pribilof District",28070,"1. immature females","ALL","ALL","ALL",85,85,3,5,0.0980590314076315,0.0621298913659536,0.633596829114899,0.025199472167409,0.0206906658433834,0.82107536641752,"females"
2004,"Pribilof District",28070,"2. immature males","ALL","ALL","ALL",85,85,3,5,0.0876513268103885,0.051735585804742,0.590243042374691,0.0360110991508528,0.0233676308966605,0.648900795801093,"males"
2004,"Pribilof District",28070,"3. mature females","ALL","ALL","ALL",85,85,3,4,0.0700345597906168,0.0422562648472629,0.603363039242297,0.097713806483052,0.058361939456137,0.597274239503294,"females"
2004,"Pribilof District",28070,"4. mature males","ALL","ALL","ALL",85,85,3,3,0.0479047624896434,0.026991721963428,0.563445481422925,0.106875039027701,0.0622646410288027,0.58259291968693,"males"
2004,"Pribilof District",28070,"5. sublegal males","ALL","ALL","ALL",85,85,5,7,0.119972213721138,0.0551887897855391,0.460013098648152,0.094459501518507,0.0459790819238648,0.48675973496278,"males"
2004,"Pribilof District",28070,"6. legal males","ALL","ALL","ALL",85,85,1,1,0.0155838755788939,0.0155838755788939,1,0.0484266366600465,0.0484266366600465,1,"males"
2004,"Pribilof District",28070,"7. all females","ALL","ALL","ALL",85,85,5,9,0.168093591198248,0.0856508290710704,0.509542502248372,0.122913278650461,0.0619018760131985,0.503622364425199,"females"
2004,"Pribilof District",28070,"8. all males","ALL","ALL","ALL",85,85,6,8,0.135556089300032,0.0565259063923184,0.416992749526782,0.142886138178553,0.0650422732906018,0.455203521627295,"males"
2005,"Pribilof District",28070,"1. immature females","ALL","ALL","ALL",84,84,1,43,2.26811282705917,2.26811282705917,1,0.477269016391344,0.477269016391344,1,"females"
2005,"Pribilof District",28070,"2. immature males","ALL","ALL","ALL",84,84,3,54,1.98133816655193,1.90962634954704,0.963806371766565,0.325778027587383,0.306733841511098,0.941542447729454,"males"
2005,"Pribilof District",28070,"3. mature females","ALL","ALL","ALL",84,84,5,15,0.28919727911814,0.163268657456768,0.564558068992314,0.369830760452474,0.210728356852671,0.569796727007922,"females"
2005,"Pribilof District",28070,"4. mature males","ALL","ALL","ALL",84,84,2,5,0.0919323043818753,0.0654535235620063,0.711975230057549,0.344057405822784,0.244171121281705,0.709681341396475,"males"
2005,"Pribilof District",28070,"5. sublegal males","ALL","ALL","ALL",84,84,3,54,1.98133816655193,1.90962634954704,0.963806371766565,0.325778027587383,0.306733841511098,0.941542447729454,"males"
2005,"Pribilof District",28070,"6. legal males","ALL","ALL","ALL",84,84,2,5,0.0919323043818753,0.0654535235620063,0.711975230057549,0.344057405822784,0.244171121281705,0.709681341396475,"males"
2005,"Pribilof District",28070,"7. all females","ALL","ALL","ALL",84,84,6,58,2.55731010617731,2.26675888613283,0.886384048871258,0.847099776843819,0.513192669691771,0.605823167140781,"females"
2005,"Pribilof District",28070,"8. all males","ALL","ALL","ALL",84,84,4,59,2.07327047093381,1.90998188056795,0.921241057230555,0.669835433410168,0.394383635474898,0.588776908183358,"males"
2006,"Pribilof District",28070,"1. immature females","ALL","ALL","ALL",86,86,4,6,0.113047116088833,0.0619834203692258,0.548297227861335,0.0381577660698506,0.0229722457154916,0.6020332970604,"females"
2006,"Pribilof District",28070,"2. immature males","ALL","ALL","ALL",86,86,4,7,0.138118295674621,0.0683578870096339,0.494922752092682,0.086886103793006,0.0507875555490951,0.58453024513666,"males"
2006,"Pribilof District",28070,"3. mature females","ALL","ALL","ALL",86,86,3,22,0.429540719137311,0.32923274960551,0.766476226670059,0.537854069064268,0.408910679864093,0.760263244964374,"females"
2006,"Pribilof District",28070,"4. mature males","ALL","ALL","ALL",86,86,3,3,0.0555787435331236,0.0313498727680786,0.564062279482708,0.165885621282053,0.100035017451398,0.603036096065914,"males"
2006,"Pribilof District",28070,"5. sublegal males","ALL","ALL","ALL",86,86,4,8,0.155455042835957,0.0781649830072434,0.502814071395077,0.113549672941226,0.0699000507000832,0.615590066351522,"males"
2006,"Pribilof District",28070,"6. legal males","ALL","ALL","ALL",86,86,2,2,0.0382419963717876,0.0267469869619129,0.69941398199716,0.139222052133832,0.0973738498647399,0.69941398199716,"males"
2006,"Pribilof District",28070,"7. all females","ALL","ALL","ALL",86,86,6,28,0.542587835226145,0.335032618526154,0.617471673294179,0.576011835134119,0.409911864204492,0.711637919920601,"females"
2006,"Pribilof District",28070,"8. all males","ALL","ALL","ALL",86,86,6,10,0.193697039207744,0.0811200502338649,0.418798607173659,0.252771725075059,0.116667955061104,0.46155461029694,"males"
2007,"Pribilof District",28070,"1. immature females","ALL","ALL","ALL",86,86,3,7,0.122482699785843,0.0891468372757834,0.727832072869502,0.0587650605120932,0.0465642635348886,0.792380083150023,"females"
2007,"Pribilof District",28070,"2. immature males","ALL","ALL","ALL",86,86,4,14,0.246164753411517,0.176611868745512,0.717453925868371,0.19677170452527,0.14496792653373,0.736731568613886,"males"
2007,"Pribilof District",28070,"3. mature females","ALL","ALL","ALL",86,86,2,9,0.165762601750526,0.149046373233384,0.89915560964529,0.223429258069972,0.195665327380273,0.875737264987009,"females"
2007,"Pribilof District",28070,"4. mature males","ALL","ALL","ALL",86,86,2,6,0.110080303194796,0.0939659249277588,0.853612519230424,0.306455533456082,0.244567838608851,0.79805326355414,"males"
2007,"Pribilof District",28070,"5. sublegal males","ALL","ALL","ALL",86,86,4,17,0.301842144124529,0.19453293201234,0.644485655164452,0.297667225612903,0.188177356412334,0.632173582512731,"males"
2007,"Pribilof District",28070,"6. legal males","ALL","ALL","ALL",86,86,2,3,0.0544029124817844,0.0405517650038697,0.745396949427067,0.205560012368448,0.150782406716095,0.733520128641707,"males"
2007,"Pribilof District",28070,"7. all females","ALL","ALL","ALL",86,86,5,16,0.288245301536369,0.170724419521648,0.592288646550954,0.282194318582065,0.199491000508403,0.706927770590068,"females"
2007,"Pribilof District",28070,"8. all males","ALL","ALL","ALL",86,86,4,20,0.356245056606313,0.22771048099083,0.639196184671478,0.503227237981352,0.332613896807607,0.660961632645036,"males"
2008,"Pribilof District",28070,"1. immature females","ALL","ALL","ALL",86,86,3,19,0.342119247063316,0.307212496535094,0.8979690536915,0.222030130271671,0.200111806538028,0.901282210181003,"females"
2008,"Pribilof District",28070,"2. immature males","ALL","ALL","ALL",86,86,2,13,0.233918674221439,0.217035312706239,0.927823797858835,0.211706666949247,0.201469877223933,0.951646351658029,"males"
2008,"Pribilof District",28070,"3. mature females","ALL","ALL","ALL",86,86,4,24,0.437368862340288,0.287671377261567,0.657731727225128,0.449542958140473,0.285623331073938,0.635363819856982,"females"
2008,"Pribilof District",28070,"4. mature males","ALL","ALL","ALL",86,86,1,1,0.0182556222464097,0.0182556222464097,1,0.0459849393090411,0.0459849393090411,1,"males"
2008,"Pribilof District",28070,"5. sublegal males","ALL","ALL","ALL",86,86,2,13,0.233918674221439,0.217035312706239,0.927823797858835,0.211706666949247,0.201469877223933,0.951646351658029,"males"
2008,"Pribilof District",28070,"6. legal males","ALL","ALL","ALL",86,86,1,1,0.0182556222464097,0.0182556222464097,1,0.0459849393090411,0.0459849393090411,1,"males"
2008,"Pribilof District",28070,"7. all females","ALL","ALL","ALL",86,86,6,43,0.779488109403604,0.583318008372529,0.748334710094337,0.671573088412144,0.473386377587258,0.704891821538777,"females"
2008,"Pribilof District",28070,"8. all males","ALL","ALL","ALL",86,86,3,14,0.252174296467848,0.217311017110155,0.861749274822946,0.257691606258288,0.205470095537851,0.797348809770331,"males"
2009,"Pribilof District",28070,"1. immature females","ALL","ALL","ALL",86,86,3,9,0.152290078664602,0.0931882139468094,0.611912573451643,0.0802191183096151,0.0529103401793889,0.659572696563121,"females"
2009,"Pribilof District",28070,"2. immature males","ALL","ALL","ALL",86,86,5,16,0.267716825351789,0.168961943400624,0.631121869828699,0.254298769704181,0.172976605255097,0.680210153813626,"males"
2009,"Pribilof District",28070,"3. mature females","ALL","ALL","ALL",86,86,3,29,0.477095114698284,0.390057870412249,0.817568359841461,0.544691283520498,0.462621246915165,0.849327428052657,"females"
2009,"Pribilof District",28070,"4. mature males","ALL","ALL","ALL",86,86,3,15,0.248626108389895,0.181894291863699,0.73159771128482,0.49711232334106,0.354354090490452,0.712824997193515,"males"
2009,"Pribilof District",28070,"5. sublegal males","ALL","ALL","ALL",86,86,5,27,0.448225896886491,0.312374582286446,0.696913285145484,0.564901017208438,0.418244295065401,0.740385098140258,"males"
2009,"Pribilof District",28070,"6. legal males","ALL","ALL","ALL",86,86,3,4,0.068117036855193,0.0400677403028033,0.588219073415973,0.186510075836803,0.112576579423556,0.603595161915334,"males"
2009,"Pribilof District",28070,"7. all females","ALL","ALL","ALL",86,86,4,38,0.629385193362885,0.475201099217995,0.755024274846593,0.624910401830113,0.511331423113837,0.818247578559024,"females"
2009,"Pribilof District",28070,"8. all males","ALL","ALL","ALL",86,86,5,31,0.516342933741684,0.348851452994922,0.675619690322798,0.75141109304524,0.524162348908815,0.697570682360497,"males"
2010,"Pribilof District",28070,"1. immature females","ALL","ALL","ALL",86,86,5,9,0.165632292132734,0.0924163504213796,0.557960946089663,0.0840815554184304,0.0485941752739533,0.577940964961046,"females"
2010,"Pribilof District",28070,"2. immature males","ALL","ALL","ALL",86,86,2,6,0.101150900006355,0.0850535363770756,0.840857929803215,0.0916381125652518,0.0781403302609187,0.852705583665074,"males"
2010,"Pribilof District",28070,"3. mature females","ALL","ALL","ALL",86,86,4,15,0.249027315506459,0.172147906611047,0.69128122053977,0.310159810043941,0.204609052264332,0.659689120377475,"females"
2010,"Pribilof District",28070,"4. mature males","ALL","ALL","ALL",86,86,5,8,0.130465382626742,0.0633759149672625,0.485768053496453,0.302932664140325,0.139690249281771,0.461126401400753,"males"
2010,"Pribilof District",28070,"5. sublegal males","ALL","ALL","ALL",86,86,3,10,0.166913457391325,0.121458066333948,0.727670903426271,0.204523504780486,0.143565392741997,0.701950579695402,"males"
2010,"Pribilof District",28070,"6. legal males","ALL","ALL","ALL",86,86,4,4,0.064702825241772,0.0311759230631992,0.481832484852178,0.190047271925091,0.0918400252355521,0.483248321879369,"males"
2010,"Pribilof District",28070,"7. all females","ALL","ALL","ALL",86,86,7,24,0.414659607639193,0.257773164274088,0.621650046267308,0.394241365462371,0.250080533304025,0.634333571290084,"females"
2010,"Pribilof District",28070,"8. all males","ALL","ALL","ALL",86,86,5,14,0.231616282633097,0.140815536288956,0.607969071466456,0.394570776705577,0.206128896554175,0.522412983230091,"males"
2011,"Pribilof District",28070,"1. immature females","ALL","ALL","ALL",86,86,1,1,0.0180893397119017,0.0180893397119017,1,0.00268537338695311,0.0026853733869531,1,"females"
2011,"Pribilof District",28070,"2. immature males","ALL","ALL","ALL",86,86,0,0,0,0,0,0,0,0,"males"
2011,"Pribilof District",28070,"3. mature females","ALL","ALL","ALL",86,86,2,2,0.0365117201379789,0.0254956974176807,0.698288037959637,0.0341441572814652,0.0247707790730859,0.725476363902893,"females"
2011,"Pribilof District",28070,"4. mature males","ALL","ALL","ALL",86,86,3,9,0.16552547880742,0.131146950964352,0.79230673071748,0.461360809219395,0.389089041855824,0.843350874371293,"males"
2011,"Pribilof District",28070,"5. sublegal males","ALL","ALL","ALL",86,86,2,2,0.0364277738378999,0.0254380513519292,0.698314738230396,0.0623776248581696,0.0439939055490899,0.705283435352349,"males"
2011,"Pribilof District",28070,"6. legal males","ALL","ALL","ALL",86,86,2,7,0.12909770496952,0.112113358198151,0.868438042524622,0.398983184361226,0.353673222530492,0.886436412343355,"males"
2011,"Pribilof District",28070,"7. all females","ALL","ALL","ALL",86,86,3,3,0.0546010598498806,0.030728344448968,0.562779267169027,0.0368295306684183,0.0248237433831162,0.674017369556186,"females"
2011,"Pribilof District",28070,"8. all males","ALL","ALL","ALL",86,86,3,9,0.16552547880742,0.131146950964352,0.79230673071748,0.461360809219395,0.389089041855824,0.843350874371293,"males"
2012,"Pribilof District",28070,"1. immature females","ALL","ALL","ALL",86,86,1,1,0.0346826070997697,0.0346826070997697,1,0.00870031224568894,0.00870031224568894,1,"females"
2012,"Pribilof District",28070,"2. immature males","ALL","ALL","ALL",86,86,1,9,0.194522215765726,0.194522215765726,1,0.16471209527924,0.16471209527924,1,"males"
2012,"Pribilof District",28070,"3. mature females","ALL","ALL","ALL",86,86,5,15,0.31209457030754,0.238583834340055,0.764460061272302,0.228762997132808,0.15109252263011,0.660476233148815,"females"
2012,"Pribilof District",28070,"4. mature males","ALL","ALL","ALL",86,86,4,13,0.27223279824043,0.217041514730898,0.79726438597311,0.643939230318815,0.473580319658695,0.735442565634998,"males"
2012,"Pribilof District",28070,"5. sublegal males","ALL","ALL","ALL",86,86,1,14,0.302590113413351,0.302590113413351,1,0.349671675207766,0.349671675207766,1,"males"
2012,"Pribilof District",28070,"6. legal males","ALL","ALL","ALL",86,86,4,8,0.164164900592805,0.111239030332796,0.677605443862289,0.458979650390289,0.295289057871353,0.64335980390472,"males"
2012,"Pribilof District",28070,"7. all females","ALL","ALL","ALL",86,86,6,16,0.34677717740731,0.241091537063498,0.695234729303773,0.237463309378497,0.151342808973214,0.637331339183799,"females"
2012,"Pribilof District",28070,"8. all males","ALL","ALL","ALL",86,86,4,22,0.466755014006156,0.410471355263426,0.879414988476186,0.808651325598055,0.635570415257595,0.785963486534256,"males"
2013,"Pribilof District",28070,"1. immature females","ALL","ALL","ALL",86,86,2,2,0.0453436444009791,0.0319084499653944,0.703702809664443,0.0120600711906265,0.00871274971664838,0.722445960635809,"females"
2013,"Pribilof District",28070,"2. immature males","ALL","ALL","ALL",86,86,1,3,0.0763511203665289,0.0763511203665289,1,0.0145274047522547,0.0145274047522547,1,"males"
2013,"Pribilof District",28070,"3. mature females","ALL","ALL","ALL",86,86,4,8,0.150299876818821,0.0942846648710749,0.627310326972061,0.153847492104223,0.107652619365309,0.699735939097278,"females"
2013,"Pribilof District",28070,"4. mature males","ALL","ALL","ALL",86,86,2,6,0.104360978540456,0.0900099151412178,0.862486308580604,0.250135832045588,0.199458973251711,0.797402641678938,"males"
2013,"Pribilof District",28070,"5. sublegal males","ALL","ALL","ALL",86,86,2,5,0.111986006227491,0.0834463929631896,0.745150182368992,0.074742488200097,0.0615886622601478,0.824011398914974,"males"
2013,"Pribilof District",28070,"6. legal males","ALL","ALL","ALL",86,86,2,4,0.0687260926794947,0.0552233501706939,0.803528150919753,0.189920748597745,0.142891983373265,0.752376896301688,"males"
2013,"Pribilof District",28070,"7. all females","ALL","ALL","ALL",86,86,5,10,0.1956435212198,0.104378250101,0.533512428370852,0.165907563294849,0.10850641261585,0.654017276011782,"females"
2013,"Pribilof District",28070,"8. all males","ALL","ALL","ALL",86,86,3,9,0.180712098906985,0.116330883789507,0.643736000484308,0.264663236797842,0.199532544402421,0.753911071354538,"males"
2014,"Pribilof District",28070,"1. immature females","ALL","ALL","ALL",86,86,1,1,0.0277205039661518,0.0277205039661518,1,0.016425535820605,0.016425535820605,1,"females"
2014,"Pribilof District",28070,"2. immature males","ALL","ALL","ALL",86,86,3,5,0.0909903518717374,0.0537903066351267,0.59116494802604,0.0831542563927683,0.0518129466991982,0.623094342332478,"males"
2014,"Pribilof District",28070,"3. mature females","ALL","ALL","ALL",86,86,3,4,0.0743675351809513,0.0448829588815472,0.603528929287999,0.0911143287704769,0.0551166885532975,0.604917901465752,"females"
2014,"Pribilof District",28070,"4. mature males","ALL","ALL","ALL",86,86,2,5,0.0918558450497564,0.065190891018717,0.709708685205655,0.233386357708257,0.16320057947097,0.699272147153424,"males"
2014,"Pribilof District",28070,"5. sublegal males","ALL","ALL","ALL",86,86,3,5,0.0909903518717374,0.0537903066351267,0.59116494802604,0.0831542563927683,0.0518129466991982,0.623094342332478,"males"
2014,"Pribilof District",28070,"6. legal males","ALL","ALL","ALL",86,86,2,5,0.0918558450497564,0.065190891018717,0.709708685205655,0.233386357708257,0.16320057947097,0.699272147153424,"males"
2014,"Pribilof District",28070,"7. all females","ALL","ALL","ALL",86,86,4,5,0.102088039147103,0.0517670847199576,0.507082760649013,0.107539864591082,0.0568578710516467,0.528714363439526,"females"
2014,"Pribilof District",28070,"8. all males","ALL","ALL","ALL",86,86,4,10,0.182846196921494,0.103556058376385,0.566356096653449,0.316540614101025,0.179594353499907,0.567365909774186,"males"
2015,"Pribilof District",28070,"1. immature females","ALL","ALL","ALL",86,86,0,0,0,0,0,0,0,0,"females"
2015,"Pribilof District",28070,"2. immature males","ALL","ALL","ALL",86,86,2,4,0.0755754385952505,0.0578788083555252,0.765841514536213,0.0816903117386851,0.0610344077539185,0.74714377329295,"males"
2015,"Pribilof District",28070,"3. mature females","ALL","ALL","ALL",86,86,4,11,0.20246438975835,0.132516228413655,0.654516226640244,0.15964897359987,0.105660768572629,0.661831806306801,"females"
2015,"Pribilof District",28070,"4. mature males","ALL","ALL","ALL",86,86,8,13,0.233629978566786,0.0857686213243317,0.367113081336921,0.621714015705851,0.244758986176282,0.393684202049715,"males"
2015,"Pribilof District",28070,"5. sublegal males","ALL","ALL","ALL",86,86,6,10,0.184613875268373,0.0969449767426733,0.525122917233304,0.275144393897234,0.136040561398724,0.494433339061724,"males"
2015,"Pribilof District",28070,"6. legal males","ALL","ALL","ALL",86,86,5,7,0.124591541893664,0.0555172202289359,0.445593813072148,0.428259933547302,0.196310273333647,0.458390472598259,"males"
2015,"Pribilof District",28070,"7. all females","ALL","ALL","ALL",86,86,4,11,0.20246438975835,0.132516228413655,0.654516226640244,0.15964897359987,0.105660768572629,0.661831806306801,"females"
2015,"Pribilof District",28070,"8. all males","ALL","ALL","ALL",86,86,9,17,0.309205417162037,0.126053136816216,0.407667944414307,0.703404327444536,0.277792154637486,0.394925285214981,"males"
2016,"Pribilof District",28070,"1. immature females","ALL","ALL","ALL",86,86,4,5,0.095050346946758,0.0489419272236499,0.514905298042357,0.0500883066487032,0.0245490478484928,0.490115348092496,"females"
2016,"Pribilof District",28070,"2. immature males","ALL","ALL","ALL",86,86,4,5,0.0940219932602289,0.0485841963809092,0.516732252702201,0.0714395351797101,0.0346964182196883,0.48567530755075,"males"
2016,"Pribilof District",28070,"3. mature females","ALL","ALL","ALL",86,86,7,19,0.35939914821917,0.18677661065706,0.51969130027865,0.354440188017861,0.174799453938444,0.493170525938316,"females"
2016,"Pribilof District",28070,"4. mature males","ALL","ALL","ALL",86,86,3,3,0.0558517849940731,0.0314542419993268,0.563173442042446,0.129502022050721,0.0793660964045833,0.61285603998908,"males"
2016,"Pribilof District",28070,"5. sublegal males","ALL","ALL","ALL",86,86,5,7,0.130528876048912,0.0597322807757574,0.457617368538241,0.132666860242385,0.0657222078933131,0.495392803999711,"males"
2016,"Pribilof District",28070,"6. legal males","ALL","ALL","ALL",86,86,1,1,0.0193449022053899,0.0193449022053899,1,0.0682746969880455,0.0682746969880455,1,"males"
2016,"Pribilof District",28070,"7. all females","ALL","ALL","ALL",86,86,8,24,0.454449495165928,0.228816201965873,0.503501938938951,0.404528494666564,0.193342674752314,0.477945749932099,"females"
2016,"Pribilof District",28070,"8. all males","ALL","ALL","ALL",86,86,5,8,0.149873778254302,0.0731453394303474,0.488046276555704,0.200941557230431,0.103524009604809,0.515194621917321,"males"
2017,"Pribilof District",28070,"1. immature females","ALL","ALL","ALL",86,86,4,5,0.105210535647654,0.052757188549359,0.501443968748919,0.055335680400091,0.0277133742740067,0.500822870047535,"females"
2017,"Pribilof District",28070,"2. immature males","ALL","ALL","ALL",86,86,2,4,0.0682382320974389,0.0527369931536386,0.772836451541334,0.0458373475043268,0.0351358399879264,0.76653301076398,"males"
2017,"Pribilof District",28070,"3. mature females","ALL","ALL","ALL",86,86,4,10,0.244448816461224,0.152510212922793,0.623894257827121,0.206225482081067,0.121950351120117,0.591344725634721,"females"
2017,"Pribilof District",28070,"4. mature males","ALL","ALL","ALL",86,86,4,4,0.0906453412168787,0.0455915647936469,0.502966442418306,0.254654593873402,0.130821769440739,0.513722401197972,"males"
2017,"Pribilof District",28070,"5. sublegal males","ALL","ALL","ALL",86,86,3,5,0.0869463335003537,0.0553836899881811,0.636987067291984,0.0761007247192821,0.0456184130062525,0.59944781307311,"males"
2017,"Pribilof District",28070,"6. legal males","ALL","ALL","ALL",86,86,3,3,0.0719372398139638,0.0423779209150925,0.589095731566649,0.224391216658447,0.128600175586288,0.573106993675399,"males"
2017,"Pribilof District",28070,"7. all females","ALL","ALL","ALL",86,86,6,15,0.349659352108878,0.187229999724746,0.535464012604032,0.261561162481158,0.139379802021186,0.532876519965866,"females"
2017,"Pribilof District",28070,"8. all males","ALL","ALL","ALL",86,86,5,8,0.158883573314318,0.0723820140002727,0.455566377885272,0.300491941377729,0.141212300439313,0.469937063176693,"males"
2018,"Pribilof District",28070,"1. immature females","ALL","ALL","ALL",86,86,1,1,0.0198493442794002,0.0198493442794002,1,0.0128323334393996,0.0128323334393996,1,"females"
2018,"Pribilof District",28070,"2. immature males","ALL","ALL","ALL",86,86,4,6,0.110360805083393,0.0631213148277185,0.571954098921457,0.095570499473857,0.0515989821761303,0.539904912710485,"males"
2018,"Pribilof District",28070,"3. mature females","ALL","ALL","ALL",86,86,3,6,0.113929616751876,0.0699171062724447,0.613686838117917,0.108454308312648,0.0786649230409808,0.725327783329811,"females"
2018,"Pribilof District",28070,"4. mature males","ALL","ALL","ALL",86,86,3,3,0.0557756892007277,0.0314144681496642,0.563228686186353,0.153552502194329,0.0876856028842107,0.571046395409692,"males"
2018,"Pribilof District",28070,"5. sublegal males","ALL","ALL","ALL",86,86,4,6,0.110360805083393,0.0631213148277185,0.571954098921457,0.095570499473857,0.0515989821761303,0.539904912710485,"males"
2018,"Pribilof District",28070,"6. legal males","ALL","ALL","ALL",86,86,3,3,0.0557756892007277,0.0314144681496642,0.563228686186353,0.153552502194329,0.0876856028842107,0.571046395409692,"males"
2018,"Pribilof District",28070,"7. all females","ALL","ALL","ALL",86,86,4,7,0.133778961031276,0.071898030630248,0.53743899695438,0.121286641752047,0.0792669717233035,0.653550717360557,"females"
2018,"Pribilof District",28070,"8. all males","ALL","ALL","ALL",86,86,5,9,0.16613649428412,0.0866033005906015,0.521278006760488,0.249123001668186,0.129951488833172,0.521635850415203,"males"
2019,"Pribilof District",28070,"1. immature females","ALL","ALL","ALL",86,86,0,0,0,0,0,0,0,0,"females"
2019,"Pribilof District",28070,"2. immature males","ALL","ALL","ALL",86,86,5,8,0.154939823430969,0.0751714145648665,0.48516522673306,0.11473634771334,0.0622306182097442,0.542379284768789,"males"
2019,"Pribilof District",28070,"3. mature females","ALL","ALL","ALL",86,86,2,11,0.29746597858134,0.246215436834359,0.827709568699578,0.411628703501093,0.353442232561662,0.858643310234374,"females"
2019,"Pribilof District",28070,"4. mature males","ALL","ALL","ALL",86,86,3,3,0.0708387681710693,0.0407366438240534,0.575061437060537,0.205960743130181,0.124399442372669,0.603995890100474,"males"
2019,"Pribilof District",28070,"5. sublegal males","ALL","ALL","ALL",86,86,5,8,0.154939823430969,0.0751714145648665,0.48516522673306,0.11473634771334,0.0622306182097442,0.542379284768789,"males"
2019,"Pribilof District",28070,"6. legal males","ALL","ALL","ALL",86,86,3,3,0.0708387681710693,0.0407366438240534,0.575061437060537,0.205960743130181,0.124399442372669,0.603995890100474,"males"
2019,"Pribilof District",28070,"7. all females","ALL","ALL","ALL",86,86,2,11,0.29746597858134,0.246215436834359,0.827709568699578,0.411628703501093,0.353442232561662,0.858643310234374,"females"
2019,"Pribilof District",28070,"8. all males","ALL","ALL","ALL",86,86,6,11,0.225778591602039,0.104410875202399,0.462448075619303,0.320697090843521,0.161531513851649,0.503688740757757,"males"
2021,"Pribilof District",28070,"1. immature females","ALL","ALL","ALL",86,86,0,0,0,0,0,0,0,0,"females"
2021,"Pribilof District",28070,"2. immature males","ALL","ALL","ALL",86,86,1,1,0.0194432957943846,0.0194432957943846,1,0.0149989196051647,0.0149989196051647,1,"males"
2021,"Pribilof District",28070,"3. mature females","ALL","ALL","ALL",86,86,3,12,0.229323806226705,0.153765665958633,0.670517677552514,0.262405923687183,0.1657872395129,0.631796863360968,"females"
2021,"Pribilof District",28070,"4. mature males","ALL","ALL","ALL",86,86,5,9,0.173621137692294,0.0859384814482633,0.494977066678198,0.404620397957088,0.203437979712075,0.502787256251107,"males"
2021,"Pribilof District",28070,"5. sublegal males","ALL","ALL","ALL",86,86,3,4,0.0783114675016346,0.0470185693033081,0.600404650855593,0.122106217678691,0.0796865801461812,0.652600511759916,"males"
2021,"Pribilof District",28070,"6. legal males","ALL","ALL","ALL",86,86,4,6,0.114752965985044,0.0651782011626331,0.567987072082546,0.297513099883562,0.171490485144906,0.576413224197598,"males"
2021,"Pribilof District",28070,"7. all females","ALL","ALL","ALL",86,86,3,12,0.229323806226705,0.153765665958633,0.670517677552514,0.262405923687183,0.1657872395129,0.631796863360968,"females"
2021,"Pribilof District",28070,"8. all males","ALL","ALL","ALL",86,86,5,10,0.193064433486679,0.0995973531724401,0.515876235584905,0.419619317562253,0.214646413964392,0.511526531264968,"males"
2022,"Pribilof District",28070,"1. immature females","ALL","ALL","ALL",86,86,0,0,0,0,0,0,0,0,"females"
2022,"Pribilof District",28070,"2. immature males","ALL","ALL","ALL",86,86,0,0,0,0,0,0,0,0,"males"
2022,"Pribilof District",28070,"3. mature females","ALL","ALL","ALL",86,86,4,7,0.121186470320092,0.0748262536794651,0.617447256957196,0.146306794947528,0.097018346106885,0.663115791318375,"females"
2022,"Pribilof District",28070,"4. mature males","ALL","ALL","ALL",86,86,2,2,0.0347811318677746,0.0242866495658246,0.6982708227597,0.112100682469998,0.0787182067162303,0.70220987938497,"males"
2022,"Pribilof District",28070,"5. sublegal males","ALL","ALL","ALL",86,86,0,0,0,0,0,0,0,0,"males"
2022,"Pribilof District",28070,"6. legal males","ALL","ALL","ALL",86,86,2,2,0.0347811318677746,0.0242866495658246,0.6982708227597,0.112100682469998,0.0787182067162303,0.70220987938497,"males"
2022,"Pribilof District",28070,"7. all females","ALL","ALL","ALL",86,86,4,7,0.121186470320092,0.0748262536794651,0.617447256957196,0.146306794947528,0.097018346106885,0.663115791318375,"females"
2022,"Pribilof District",28070,"8. all males","ALL","ALL","ALL",86,86,2,2,0.0347811318677746,0.0242866495658246,0.6982708227597,0.112100682469998,0.0787182067162303,0.70220987938497,"males"
2023,"Pribilof District",28070,"1. immature females","ALL","ALL","ALL",86,86,0,0,0,0,0,0,0,0,"females"
2023,"Pribilof District",28070,"2. immature males","ALL","ALL","ALL",86,86,2,2,0.0332168896378563,0.02320537318526,0.69860162821547,0.0239179849854207,0.0239062707533777,0.999510233322323,"males"
2023,"Pribilof District",28070,"3. mature females","ALL","ALL","ALL",86,86,1,7,0.116870801987663,0.116870801987663,1,0.11898796529502,0.11898796529502,1,"females"
2023,"Pribilof District",28070,"4. mature males","ALL","ALL","ALL",86,86,0,0,0,0,0,0,0,0,"males"
2023,"Pribilof District",28070,"5. sublegal males","ALL","ALL","ALL",86,86,2,2,0.0332168896378563,0.02320537318526,0.69860162821547,0.0239179849854207,0.0239062707533777,0.999510233322323,"males"
2023,"Pribilof District",28070,"6. legal males","ALL","ALL","ALL",86,86,0,0,0,0,0,0,0,0,"males"
2023,"Pribilof District",28070,"7. all females","ALL","ALL","ALL",86,86,1,7,0.116870801987663,0.116870801987663,1,0.11898796529502,0.11898796529502,1,"females"
2023,"Pribilof District",28070,"8. all males","ALL","ALL","ALL",86,86,2,2,0.0332168896378563,0.02320537318526,0.69860162821547,0.0239179849854207,0.0239062707533777,0.999510233322323,"males"
2024,"Pribilof District",28070,"1. immature females","ALL","ALL","ALL",70,70,0,0,0,0,0,0,0,0,"females"
2024,"Pribilof District",28070,"2. immature males","ALL","ALL","ALL",70,70,0,0,0,0,0,0,0,0,"males"
2024,"Pribilof District",28070,"3. mature females","ALL","ALL","ALL",70,70,0,0,0,0,0,0,0,0,"females"
2024,"Pribilof District",28070,"4. mature males","ALL","ALL","ALL",70,70,0,0,0,0,0,0,0,0,"males"
2024,"Pribilof District",28070,"5. sublegal males","ALL","ALL","ALL",70,70,0,0,0,0,0,0,0,0,"males"
2024,"Pribilof District",28070,"6. legal males","ALL","ALL","ALL",70,70,0,0,0,0,0,0,0,0,"males"
2024,"Pribilof District",28070,"7. all females","ALL","ALL","ALL",70,70,0,0,0,0,0,0,0,0,"females"
2024,"Pribilof District",28070,"8. all males","ALL","ALL","ALL",70,70,0,0,0,0,0,0,0,0,"males"
